case,where,status_sep_2026,what_holds_it,who_carries_the_cost,verdict,confidence,sources
OPM-MEG brain scanner,Cover story,Research use since 2021; not used clinically; approval hoped for 2027,"Device approval, then evidence assessment, commissioning, trust budget",Patients who could have been scanned clinically,Explains,High,"Wellcome, 7 Jul 2026; UCL News, Oct 2021"
Self-healing concrete,Section 2,Full-scale tests from 2011; commercially available; rarely specified,Tenders scored on build price,Whoever maintains the asset later,Explains,Low,"Ingenia, Mar 2011; NWO, Nov 2021; Cabinet Office Construction Playbook v1.1, Sep 2022"
AI reading of brain MRI (Prima),Section 1,"Validated on 30,000+ studies, published Feb 2026; not in routine care",Four approvals ahead of it,Patients far from early adopters,Partly explains,Low,"Michigan Medicine, Feb 2026; NHS England, Jul 2025"
AI-discovered lung drug (rentosertib),Section 1,Target to candidate ~18 months; phase III from Jul 2026,"Trial and approval, deliberately slow",People with a named disease,Partly explains,Moderate,"Ren et al., Nature Biotechnology, Mar 2024; Insilico, Jun 2025 and 7 Jul 2026"
Public consultation,Section 3,Routine,A stage no answer moves,People with direct experience,Runs the other way,Low,Author's argument
Post-quantum cryptography migration,Section 4,NIST standards Aug 2024; NCSC milestones 2028/2031/2035,"An internal decision, deferred",Owners of long-lived records,Runs the other way,Moderate,"NIST, Aug 2024; NCSC, 20 Mar 2025"
Data profiles,Section 5,Widespread; rectification limited to inaccuracy,Nobody's agreement needed,The person described,Runs the other way,Moderate,"ICO, Right to rectification guidance"
Small modular reactors,Section 2,First land-based commercial unit (Linglong One) planned for May 2025; not confirmed operating at 2 Oct 2026,Engineering and unit economics,Whoever funds the subsidy,Does not explain,Moderate,"NucNet SMR database, accessed Sep 2026; World Nuclear News, 8 Jan 2026"
Precision farming,Section 2,"Dealer adoption forecasts persistently above actual, 2000-2025",Designed for the wrong farm,Farmers it was not built for,Does not explain,Moderate,"Malone, Fiechter et al., Agribusiness, 2026"
Cyber protection for the smallest organisations,Section 4,Deployed at scale; distributed by ability to pay,Price,Sole traders and the self-employed,Does not explain,High,"DSIT Cyber security breaches survey 2025/2026, 30 Apr 2026"
"Optical atomic clock, naval trial",Cover story,Trialled at sea aboard the Royal Navy's uncrewed test submarine XCal; announced Oct 2025,One authority; nothing further for a trial,Nobody; it moved,Comparison (not graded),,"Infleqtion, Oct 2025"
"Accessibility standards (kerbs, subtitles)",Section 6,Established; wider benefit documented,Permission was imposed,Nobody; this one arrived,Comparison (not graded),,"Blackwell, SSIR, Winter 2017; Ofcom, 20 May 2013"
